[
  {
    "title": "Bohemian Rhapsody",
    "genre": "Rock",
    "author": "Queen",
    "language": "English",
    "year": 1975
  },
  {
    "title": "Imagine",
    "genre": "Pop",
    "author": "John Lennon",
    "language": "English",
    "year": 1971
  },
  {
    "title": "Despacito",
    "genre": "Reggaeton",
    "author": "Luis Fonsi",
    "language": "Spanish",
    "year": 2017
  },
  {
    "title": "Shape of You",
    "genre": "Pop",
    "author": "Ed Sheeran",
    "language": "English",
    "year": 2017
  },
  {
    "title": "Volver",
    "genre": "Tango",
    "author": "Carlos Gardel",
    "language": "Spanish",
    "year": 1935
  }
]
